GameNum,Date,LA,Site,Boston  ,Winner,Score,OT,WinningTeam,LAWins,BosWins
302,8-Mar-25,Los Angeles Lakers,@,Boston Celtics,L,101 - 111,,Celtics ,135,167
301,23-Jan-25,Los Angeles Lakers,vs.,Boston Celtics,W,117 - 96,,Lakers ,135,166
300,1-Feb-24,Los Angeles Lakers,@,Boston Celtics,W,114 - 105,,Lakers ,134,166
299,25-Dec-23,Los Angeles Lakers,vs.,Boston Celtics,L,115 - 126,,Celtics ,133,166
298,28-Jan-23,Los Angeles Lakers,@,Boston Celtics,L,121 - 125,OT,Celtics ,133,165
297,13-Dec-22,Los Angeles Lakers,vs.,Boston Celtics,L,118 - 122,OT,Celtics ,133,164
296,7-Dec-21,Los Angeles Lakers,vs.,Boston Celtics,W,117 - 102,,Lakers ,133,163
295,19-Nov-21,Los Angeles Lakers,@,Boston Celtics,L,108 - 130,,Celtics ,132,163
294,15-Apr-21,Los Angeles Lakers,vs.,Boston Celtics,L,113 - 121,,Celtics ,132,162
293,30-Jan-21,Los Angeles Lakers,@,Boston Celtics,W,96 - 95,,Lakers ,132,161
292,23-Feb-20,Los Angeles Lakers,vs.,Boston Celtics,W,114 - 112,,Lakers ,131,161
291,20-Jan-20,Los Angeles Lakers,@,Boston Celtics,L,107 - 139,,Celtics ,130,161
290,9-Mar-19,Los Angeles Lakers,vs.,Boston Celtics,L,107 - 120,,Celtics ,130,160
289,7-Feb-19,Los Angeles Lakers,@,Boston Celtics,W,129 - 128,,Lakers ,130,159
288,23-Jan-18,Los Angeles Lakers,vs.,Boston Celtics,W,108 - 107,,Lakers ,129,159
287,8-Nov-17,Los Angeles Lakers,@,Boston Celtics,L,96 - 107,,Celtics ,128,159
286,3-Mar-17,Los Angeles Lakers,vs.,Boston Celtics,L,95 - 115,,Celtics ,128,158
285,3-Feb-17,Los Angeles Lakers,@,Boston Celtics,L,107 - 113,,Celtics ,128,157
284,3-Apr-16,Los Angeles Lakers,vs.,Boston Celtics,L,100 - 107,,Celtics ,128,156
283,30-Dec-15,Los Angeles Lakers,@,Boston Celtics,W,112 - 104,,Lakers ,128,155
282,22-Feb-15,Los Angeles Lakers,vs.,Boston Celtics,W,118 - 111,OT,Lakers ,127,155
281,5-Dec-14,Los Angeles Lakers,@,Boston Celtics,L,96 - 113,,Celtics ,126,155
280,21-Feb-14,Los Angeles Lakers,vs.,Boston Celtics,W,101 - 92,,Lakers ,126,154
279,17-Jan-14,Los Angeles Lakers,@,Boston Celtics,W,107 - 104,,Lakers ,125,154
278,20-Feb-13,Los Angeles Lakers,vs.,Boston Celtics,W,113 - 99,,Lakers ,124,154
277,7-Feb-13,Los Angeles Lakers,@,Boston Celtics,L,95 - 116,,Celtics ,123,154
276,11-Mar-12,Los Angeles Lakers,vs.,Boston Celtics,W,97 - 94,,Lakers ,123,153
275,9-Feb-12,Los Angeles Lakers,@,Boston Celtics,W,88 - 87,OT,Lakers ,122,153
274,10-Feb-11,Los Angeles Lakers,@,Boston Celtics,W,92 - 86,,Lakers ,121,153
273,30-Jan-11,Los Angeles Lakers,vs.,Boston Celtics,L,96 - 109,,Celtics ,120,153
272,18-Feb-10,Los Angeles Lakers,vs.,Boston Celtics,L,86 - 87,,Celtics ,120,152
271,31-Jan-10,Los Angeles Lakers,@,Boston Celtics,W,90 - 89,,Lakers ,120,151
270,5-Feb-09,Los Angeles Lakers,@,Boston Celtics,W,110 - 109,OT,Lakers ,119,151
269,25-Dec-08,Los Angeles Lakers,vs.,Boston Celtics,W,92 - 83,,Lakers ,118,151
268,30-Dec-07,Los Angeles Lakers,vs.,Boston Celtics,L,91 - 110,,Celtics ,117,151
267,23-Nov-07,Los Angeles Lakers,@,Boston Celtics,L,94 - 107,,Celtics ,117,150
266,23-Feb-07,Los Angeles Lakers,vs.,Boston Celtics,W,122 - 96,,Lakers ,117,149
265,31-Jan-07,Los Angeles Lakers,@,Boston Celtics,W,111 - 98,,Lakers ,116,149
264,20-Mar-06,Los Angeles Lakers,@,Boston Celtics,W,105 - 97,,Lakers ,115,149
263,26-Feb-06,Los Angeles Lakers,vs.,Boston Celtics,L,111 - 112,,Celtics ,114,149
262,2-Mar-05,Los Angeles Lakers,@,Boston Celtics,L,101 - 104,,Celtics ,114,148
261,22-Feb-05,Los Angeles Lakers,vs.,Boston Celtics,W,104 - 95,,Lakers ,114,147
260,10-Mar-04,Los Angeles Lakers,@,Boston Celtics,W,117 - 109,,Lakers ,113,147
259,28-Dec-03,Los Angeles Lakers,vs.,Boston Celtics,W,105 - 82,,Lakers ,112,147
258,21-Mar-03,Los Angeles Lakers,vs.,Boston Celtics,W,104 - 96,,Lakers ,111,147
257,7-Nov-02,Los Angeles Lakers,@,Boston Celtics,L,95 - 98,OT,Celtics ,110,147
256,5-Apr-02,Los Angeles Lakers,@,Boston Celtics,L,81 - 99,,Celtics ,110,146
255,19-Feb-02,Los Angeles Lakers,vs.,Boston Celtics,L,108 - 109,,Celtics ,110,145
254,6-Apr-01,Los Angeles Lakers,@,Boston Celtics,W,100 - 96,,Lakers ,110,144
253,13-Mar-01,Los Angeles Lakers,vs.,Boston Celtics,W,112 - 107,,Lakers ,109,144
252,25-Feb-00,Los Angeles Lakers,vs.,Boston Celtics,W,109 - 96,,Lakers ,108,144
251,20-Dec-99,Los Angeles Lakers,@,Boston Celtics,W,99 - 90,,Lakers ,107,144
250,28-Dec-97,Los Angeles Lakers,vs.,Boston Celtics,L,102 - 108,,Celtics ,106,144
249,26-Nov-97,Los Angeles Lakers,@,Boston Celtics,W,118 - 103,,Lakers ,106,143
248,27-Dec-96,Los Angeles Lakers,vs.,Boston Celtics,W,109 - 102,,Lakers ,105,143
247,27-Nov-96,Los Angeles Lakers,@,Boston Celtics,L,94 - 110,,Celtics ,104,143
246,24-Jan-96,Los Angeles Lakers,@,Boston Celtics,W,124 - 107,,Lakers ,104,142
245,26-Dec-95,Los Angeles Lakers,vs.,Boston Celtics,W,102 - 91,,Lakers ,103,142
244,17-Mar-95,Los Angeles Lakers,vs.,Boston Celtics,L,92 - 118,,Celtics ,102,142
243,20-Jan-95,Los Angeles Lakers,@,Boston Celtics,W,120 - 118,,Lakers ,102,141
242,4-Mar-94,Los Angeles Lakers,@,Boston Celtics,L,99 - 109,,Celtics ,101,141
241,27-Feb-94,Los Angeles Lakers,vs.,Boston Celtics,W,100 - 97,,Lakers ,101,140
240,19-Mar-93,Los Angeles Lakers,vs.,Boston Celtics,L,119 - 129,,Celtics ,100,140
239,31-Jan-93,Los Angeles Lakers,@,Boston Celtics,W,96 - 87,,Lakers ,100,139
238,16-Feb-92,Los Angeles Lakers,vs.,Boston Celtics,L,107 - 114,,Celtics ,99,139
237,29-Nov-91,Los Angeles Lakers,@,Boston Celtics,L,91 - 114,,Celtics ,99,138
236,15-Feb-91,Los Angeles Lakers,vs.,Boston Celtics,L,85 - 98,,Celtics ,99,137
235,27-Jan-91,Los Angeles Lakers,@,Boston Celtics,W,104 - 87,,Lakers ,99,136
234,18-Feb-90,Los Angeles Lakers,vs.,Boston Celtics,W,116 - 110,,Lakers ,98,136
233,15-Dec-89,Los Angeles Lakers,@,Boston Celtics,W,119 - 110,,Lakers ,97,136
232,19-Feb-89,Los Angeles Lakers,vs.,Boston Celtics,W,119 - 110,,Lakers ,96,136
231,16-Dec-88,Los Angeles Lakers,@,Boston Celtics,L,96 - 110,,Celtics ,95,136
230,14-Feb-88,Los Angeles Lakers,vs.,Boston Celtics,W,115 - 106,,Lakers ,95,135
229,11-Dec-87,Los Angeles Lakers,@,Boston Celtics,W,115 - 114,,Lakers ,94,135
228,15-Feb-87,Los Angeles Lakers,vs.,Boston Celtics,W,106 - 103,,Lakers ,93,135
227,12-Dec-86,Los Angeles Lakers,@,Boston Celtics,W,117 - 110,,Lakers ,92,135
226,16-Feb-86,Los Angeles Lakers,vs.,Boston Celtics,L,99 - 105,,Celtics ,91,135
225,22-Jan-86,Los Angeles Lakers,@,Boston Celtics,L,95 - 110,,Celtics ,91,134
224,17-Feb-85,Los Angeles Lakers,vs.,Boston Celtics,W,117 - 111,,Lakers ,91,133
223,16-Jan-85,Los Angeles Lakers,@,Boston Celtics,L,102 - 104,,Celtics ,90,133
222,24-Feb-84,Los Angeles Lakers,vs.,Boston Celtics,W,116 - 108,,Lakers ,90,132
221,8-Feb-84,Los Angeles Lakers,@,Boston Celtics,W,111 - 109,,Lakers ,89,132
220,23-Feb-83,Los Angeles Lakers,vs.,Boston Celtics,L,104 - 113,,Celtics ,88,132
219,30-Jan-83,Los Angeles Lakers,@,Boston Celtics,L,95 - 110,,Celtics ,88,131
218,14-Feb-82,Los Angeles Lakers,vs.,Boston Celtics,L,103 - 108,,Celtics ,88,130
217,7-Feb-82,Los Angeles Lakers,@,Boston Celtics,W,119 - 113,,Lakers ,88,129
216,11-Feb-81,Los Angeles Lakers,vs.,Boston Celtics,L,91 - 105,,Celtics ,87,129
215,18-Jan-81,Los Angeles Lakers,@,Boston Celtics,L,96 - 98,,Celtics ,87,128
214,13-Jan-80,Los Angeles Lakers,@,Boston Celtics,W,100 - 98,,Lakers ,87,127
213,28-Dec-79,Los Angeles Lakers,vs.,Boston Celtics,W,123 - 105,,Lakers ,86,127
212,18-Mar-79,Los Angeles Lakers,vs.,Boston Celtics,W,122 - 111,,Lakers ,85,127
211,11-Mar-79,Los Angeles Lakers,@,Boston Celtics,L,106 - 108,,Celtics ,84,127
210,23-Feb-79,Los Angeles Lakers,vs.,Boston Celtics,W,113 - 104,,Lakers ,84,126
209,10-Jan-79,Los Angeles Lakers,@,Boston Celtics,W,99 - 89,,Lakers ,83,126
208,17-Feb-78,Los Angeles Lakers,vs.,Boston Celtics,W,114 - 106,,Lakers ,82,126
207,1-Feb-78,Los Angeles Lakers,@,Boston Celtics,L,100 - 103,OT,Celtics ,81,126
206,18-Dec-77,Los Angeles Lakers,vs.,Boston Celtics,W,104 - 97,,Lakers ,81,125
205,4-Feb-77,Los Angeles Lakers,@,Boston Celtics,L,98 - 99,,Celtics ,80,125
204,28-Dec-76,Los Angeles Lakers,vs.,Boston Celtics,W,134 - 105,,Lakers ,80,124
203,10-Nov-76,Los Angeles Lakers,@,Boston Celtics,L,112 - 117,,Celtics ,79,124
202,10-Mar-76,Los Angeles Lakers,@,Boston Celtics,L,89 - 92,,Celtics ,79,123
201,20-Feb-76,Los Angeles Lakers,vs.,Boston Celtics,L,113 - 125,,Celtics ,79,122
200,7-Jan-76,Los Angeles Lakers,@,Boston Celtics,L,103 - 109,,Celtics ,79,121
199,28-Dec-75,Los Angeles Lakers,vs.,Boston Celtics,L,113 - 123,,Celtics ,79,120
198,23-Feb-75,Los Angeles Lakers,vs.,Boston Celtics,L,115 - 119,,Celtics ,79,119
197,10-Jan-75,Los Angeles Lakers,@,Boston Celtics,L,97 - 103,,Celtics ,79,118
196,3-Jan-75,Los Angeles Lakers,vs.,Boston Celtics,L,106 - 127,,Celtics ,79,117
195,4-Dec-74,Los Angeles Lakers,@,Boston Celtics,L,90 - 101,,Celtics ,79,116
194,10-Mar-74,Los Angeles Lakers,@,Boston Celtics,L,82 - 94,,Celtics ,79,115
193,6-Mar-74,Los Angeles Lakers,vs.,Boston Celtics,W,116 - 111,,Lakers ,79,114
192,11-Jan-74,Los Angeles Lakers,@,Boston Celtics,W,111 - 103,,Lakers ,78,114
191,16-Dec-73,Los Angeles Lakers,vs.,Boston Celtics,L,110 - 115,,Celtics ,77,114
190,9-Mar-73,Los Angeles Lakers,vs.,Boston Celtics,L,111 - 119,,Celtics ,77,113
189,7-Feb-73,Los Angeles Lakers,@,Boston Celtics,L,112 - 113,OT,Celtics ,77,112
188,15-Dec-72,Los Angeles Lakers,vs.,Boston Celtics,L,98 - 102,,Celtics ,77,111
187,13-Oct-72,Los Angeles Lakers,@,Boston Celtics,L,104 - 112,,Celtics ,77,110
186,20-Feb-72,Los Angeles Lakers,vs.,Boston Celtics,W,132 - 113,,Lakers ,77,109
185,11-Feb-72,Los Angeles Lakers,@,Boston Celtics,L,108 - 121,,Celtics ,76,109
184,2-Jan-72,Los Angeles Lakers,vs.,Boston Celtics,W,122 - 113,,Lakers ,76,108
183,1-Dec-71,Los Angeles Lakers,@,Boston Celtics,W,124 - 111,,Lakers ,75,108
182,14-Nov-71,Los Angeles Lakers,vs.,Boston Celtics,W,128 - 115,,Lakers ,74,108
181,17-Mar-71,Los Angeles Lakers,@,Boston Celtics,L,104 - 112,,Celtics ,73,108
180,24-Feb-71,Los Angeles Lakers,@,Boston Celtics,L,96 - 116,,Celtics ,73,107
179,21-Feb-71,Los Angeles Lakers,vs.,Boston Celtics,W,124 - 116,,Lakers ,73,106
178,25-Dec-70,Los Angeles Lakers,vs.,Boston Celtics,W,123 - 113,,Lakers ,72,106
177,2-Dec-70,Los Angeles Lakers,@,Boston Celtics,L,111 - 114,,Celtics ,71,106
176,18-Mar-70,Los Angeles Lakers,vs.,Boston Celtics,L,122 - 137,,Celtics ,71,105
175,1-Mar-70,Los Angeles Lakers,@,Boston Celtics,W,120 - 114,,Lakers ,71,104
174,22-Feb-70,Los Angeles Lakers,vs.,Boston Celtics,W,108 - 96,,Lakers ,70,104
173,16-Jan-70,Los Angeles Lakers,@,Boston Celtics,W,108 - 103,,Lakers ,69,104
172,28-Dec-69,Los Angeles Lakers,vs.,Boston Celtics,W,109 - 99,,Lakers ,68,104
171,10-Dec-69,Los Angeles Lakers,@,Boston Celtics,L,99 - 111,,Celtics ,67,104
170,16-Mar-69,Los Angeles Lakers,@,Boston Celtics,W,108 - 73,,Lakers ,67,103
169,7-Mar-69,Los Angeles Lakers,vs.,Boston Celtics,W,105 - 99,OT,Lakers ,66,103
168,21-Feb-69,Los Angeles Lakers,vs.,Boston Celtics,L,102 - 124,,Celtics ,65,103
167,10-Jan-69,Los Angeles Lakers,@,Boston Celtics,L,82 - 88,,Celtics ,65,102
166,29-Nov-68,Los Angeles Lakers,@,Boston Celtics,W,93 - 92,,Lakers ,65,101
165,19-Nov-68,Los Angeles Lakers,vs.,Boston Celtics,W,116 - 106,,Lakers ,64,101
164,21-Feb-68,Los Angeles Lakers,vs.,Boston Celtics,W,122 - 117,,Lakers ,63,101
163,11-Feb-68,Los Angeles Lakers,@,Boston Celtics,W,141 - 104,,Lakers ,62,101
162,26-Jan-68,Los Angeles Lakers,@,Boston Celtics,W,118 - 112,,Lakers ,61,101
161,3-Jan-68,Los Angeles Lakers,vs.,Boston Celtics,L,103 - 113,,Celtics ,60,101
160,17-Dec-67,Los Angeles Lakers,vs.,Boston Celtics,L,117 - 123,,Celtics ,60,100
159,1-Dec-67,Los Angeles Lakers,@,Boston Celtics,L,119 - 123,,Celtics ,60,99
158,3-Nov-67,Los Angeles Lakers,@,Boston Celtics,L,104 - 105,,Celtics ,60,98
157,5-Mar-67,Los Angeles Lakers,@,Boston Celtics,L,105 - 130,,Celtics ,60,97
156,17-Feb-67,Los Angeles Lakers,vs.,Boston Celtics,L,119 - 120,,Celtics ,60,96
155,15-Feb-67,Los Angeles Lakers,vs.,Boston Celtics,W,124 - 114,,Lakers ,60,95
154,22-Jan-67,Los Angeles Lakers,@,Boston Celtics,L,120 - 121,OT,Celtics ,59,95
153,6-Jan-67,Los Angeles Lakers,vs.,Boston Celtics,W,102 - 99,,Lakers ,59,94
152,1-Jan-67,Los Angeles Lakers,vs.,Boston Celtics,W,111 - 110,,Lakers ,58,94
151,26-Dec-66,Los Angeles Lakers,@,Boston Celtics,L,106 - 121,,Celtics ,57,94
150,18-Dec-66,Los Angeles Lakers,vs.,Boston Celtics,W,127 - 125,,Lakers ,57,93
149,2-Nov-66,Los Angeles Lakers,@,Boston Celtics,L,108 - 133,,Celtics ,56,93
148,21-Feb-66,Los Angeles Lakers,vs.,Boston Celtics,L,108 - 115,,Celtics ,56,92
147,19-Feb-66,Los Angeles Lakers,vs.,Boston Celtics,L,111 - 115,,Celtics ,56,91
146,13-Feb-66,Los Angeles Lakers,@,Boston Celtics,W,120 - 110,,Lakers ,56,90
145,12-Jan-66,Los Angeles Lakers,@,Boston Celtics,L,102 - 114,,Celtics ,55,90
144,5-Jan-66,Los Angeles Lakers,vs.,Boston Celtics,W,120 - 113,,Lakers ,55,89
143,2-Jan-66,Los Angeles Lakers,vs.,Boston Celtics,L,113 - 124,,Celtics ,54,89
142,8-Dec-65,Los Angeles Lakers,@,Boston Celtics,L,106 - 108,,Celtics ,54,88
141,27-Nov-65,Los Angeles Lakers,@,Boston Celtics,L,95 - 101,,Celtics ,54,87
140,17-Nov-65,Los Angeles Lakers,vs.,Boston Celtics,W,125 - 115,,Lakers ,54,86
139,20-Oct-65,Los Angeles Lakers,@,Boston Celtics,L,96 - 100,,Celtics ,53,86
138,3-Mar-65,Los Angeles Lakers,@,Boston Celtics,W,104 - 102,,Lakers ,53,85
137,24-Feb-65,Los Angeles Lakers,vs.,Boston Celtics,L,95 - 97,,Celtics ,52,85
136,21-Feb-65,Los Angeles Lakers,vs.,Boston Celtics,W,129 - 114,,Lakers ,52,84
135,7-Feb-65,Los Angeles Lakers,@,Boston Celtics,L,97 - 101,,Celtics ,51,84
134,24-Jan-65,Los Angeles Lakers,@,Boston Celtics,L,93 - 117,,Celtics ,51,83
133,9-Jan-65,Los Angeles Lakers,vs.,Boston Celtics,L,103 - 107,,Celtics ,51,82
132,7-Jan-65,Los Angeles Lakers,vs.,Boston Celtics,L,104 - 112,,Celtics ,51,81
131,28-Dec-64,Los Angeles Lakers,@,Boston Celtics,L,112 - 133,,Celtics ,51,80
130,8-Dec-64,Los Angeles Lakers,vs.,Boston Celtics,L,98 - 108,,Celtics ,51,79
129,13-Nov-64,Los Angeles Lakers,@,Boston Celtics,W,114 - 112,,Lakers ,51,78
128,16-Feb-64,Los Angeles Lakers,vs.,Boston Celtics,L,90 - 92,,Celtics ,50,78
127,12-Feb-64,Los Angeles Lakers,vs.,Boston Celtics,L,97 - 104,OT,Celtics ,50,77
126,11-Feb-64,Los Angeles Lakers,@,Boston Celtics,W,113 - 109,,Lakers ,50,76
125,17-Jan-64,Los Angeles Lakers,@,Boston Celtics,L,79 - 99,,Celtics ,49,76
124,5-Jan-64,Los Angeles Lakers,vs.,Boston Celtics,W,97 - 95,,Lakers ,49,75
123,4-Jan-64,Los Angeles Lakers,vs.,Boston Celtics,W,125 - 118,OT,Lakers ,48,75
122,26-Dec-63,Los Angeles Lakers,@,Boston Celtics,L,110 - 126,,Celtics ,47,75
121,27-Nov-63,Los Angeles Lakers,@,Boston Celtics,L,78 - 114,,Celtics ,47,74
120,13-Nov-63,Los Angeles Lakers,N,Boston Celtics,L,110 - 114,,Celtics ,47,73
119,24-Feb-63,Los Angeles Lakers,vs.,Boston Celtics,L,109 - 119,,Celtics ,47,72
118,22-Feb-63,Los Angeles Lakers,vs.,Boston Celtics,W,113 - 105,,Lakers ,47,71
117,13-Feb-63,Los Angeles Lakers,@,Boston Celtics,W,134 - 128,,Lakers ,46,71
116,12-Feb-63,Los Angeles Lakers,N,Boston Celtics,L,93 - 120,,Celtics ,45,71
115,20-Jan-63,Los Angeles Lakers,@,Boston Celtics,L,121 - 133,,Celtics ,45,70
114,5-Jan-63,Los Angeles Lakers,vs.,Boston Celtics,W,106 - 104,,Lakers ,45,69
113,4-Jan-63,Los Angeles Lakers,vs.,Boston Celtics,W,125 - 123,,Lakers ,44,69
112,7-Dec-62,Los Angeles Lakers,@,Boston Celtics,L,112 - 126,,Celtics ,43,69
111,9-Nov-62,Los Angeles Lakers,@,Boston Celtics,W,133 - 120,,Lakers ,43,68
110,11-Mar-62,Los Angeles Lakers,@,Boston Celtics,L,105 - 119,,Celtics ,42,68
109,20-Feb-62,Los Angeles Lakers,vs.,Boston Celtics,L,96 - 115,,Celtics ,42,67
108,18-Feb-62,Los Angeles Lakers,vs.,Boston Celtics,W,125 - 99,,Lakers ,42,66
107,1-Feb-62,Los Angeles Lakers,N,Boston Celtics,L,115 - 130,,Celtics ,41,66
106,23-Jan-62,Los Angeles Lakers,N,Boston Celtics,L,103 - 118,,Celtics ,41,65
105,7-Jan-62,Los Angeles Lakers,vs.,Boston Celtics,L,95 - 118,,Celtics ,41,64
104,26-Dec-61,Los Angeles Lakers,@,Boston Celtics,L,117 - 129,,Celtics ,41,63
103,19-Dec-61,Los Angeles Lakers,vs.,Boston Celtics,W,104 - 101,,Lakers ,41,62
102,18-Nov-61,Los Angeles Lakers,@,Boston Celtics,W,103 - 101,,Lakers ,40,62
101,22-Feb-61,Los Angeles Lakers,vs.,Boston Celtics,W,105 - 93,,Lakers ,39,62
100,14-Feb-61,Los Angeles Lakers,N,Boston Celtics,L,93 - 113,,Celtics ,38,62
99,7-Feb-61,Los Angeles Lakers,N,Boston Celtics,L,95 - 96,,Celtics ,38,61
98,19-Jan-61,Los Angeles Lakers,N,Boston Celtics,L,103 - 106,,Celtics ,38,60
97,3-Jan-61,Los Angeles Lakers,vs.,Boston Celtics,L,96 - 102,,Celtics ,38,59
96,17-Dec-60,Los Angeles Lakers,@,Boston Celtics,L,112 - 140,,Celtics ,38,58
95,5-Dec-60,Los Angeles Lakers,vs.,Boston Celtics,L,101 - 123,,Celtics ,38,57
94,4-Dec-60,Los Angeles Lakers,vs.,Boston Celtics,L,103 - 113,,Celtics ,38,56
93,2-Dec-60,Los Angeles Lakers,@,Boston Celtics,W,120 - 117,,Lakers ,38,55
92,12-Nov-60,Los Angeles Lakers,N,Boston Celtics,L,124 - 131,,Celtics ,37,55
91,26-Feb-60,Minneapolis Lakers,@,Boston Celtics,L,111 - 128,,Celtics ,37,54
90,24-Feb-60,Minneapolis Lakers,N,Boston Celtics,L,110 - 131,,Celtics ,37,53
89,16-Feb-60,Minneapolis Lakers,N,Boston Celtics,L,122 - 130,,Celtics ,37,52
88,9-Feb-60,Minneapolis Lakers,N,Boston Celtics,L,90 - 129,,Celtics ,37,51
87,3-Feb-60,Minneapolis Lakers,@,Boston Celtics,L,108 - 128,,Celtics ,37,50
86,28-Dec-59,Minneapolis Lakers,@,Boston Celtics,L,104 - 107,,Celtics ,37,49
85,6-Dec-59,Minneapolis Lakers,vs.,Boston Celtics,L,104 - 121,,Celtics ,37,48
84,29-Nov-59,Minneapolis Lakers,vs.,Boston Celtics,L,93 - 109,,Celtics ,37,47
83,8-Nov-59,Minneapolis Lakers,vs.,Boston Celtics,W,136 - 115,,Lakers ,37,46
82,3-Mar-59,Minneapolis Lakers,N,Boston Celtics,L,112 - 119,,Celtics ,36,46
81,27-Feb-59,Minneapolis Lakers,@,Boston Celtics,L,139 - 173,,Celtics ,36,45
80,12-Jan-59,Minneapolis Lakers,N,Boston Celtics,L,108 - 117,,Celtics ,36,44
79,11-Jan-59,Minneapolis Lakers,N,Boston Celtics,L,106 - 109,OT,Celtics ,36,43
78,5-Jan-59,Minneapolis Lakers,@,Boston Celtics,L,106 - 118,,Celtics ,36,42
77,27-Dec-58,Minneapolis Lakers,vs.,Boston Celtics,L,94 - 112,,Celtics ,36,41
76,26-Dec-58,Minneapolis Lakers,N,Boston Celtics,L,99 - 107,,Celtics ,36,40
75,24-Nov-58,Minneapolis Lakers,N,Boston Celtics,L,104 - 123,,Celtics ,36,39
74,11-Nov-58,Minneapolis Lakers,@,Boston Celtics,L,113 - 116,OT,Celtics ,36,38
73,7-Feb-58,Minneapolis Lakers,@,Boston Celtics,L,88 - 114,,Celtics ,36,37
72,22-Jan-58,Minneapolis Lakers,vs.,Boston Celtics,L,87 - 97,,Celtics ,36,36
71,8-Jan-58,Minneapolis Lakers,vs.,Boston Celtics,L,87 - 107,,Celtics ,36,35
70,5-Jan-58,Minneapolis Lakers,N,Boston Celtics,L,100 - 113,,Celtics ,36,34
69,21-Dec-57,Minneapolis Lakers,@,Boston Celtics,L,119 - 140,,Celtics ,36,33
68,4-Dec-57,Minneapolis Lakers,vs.,Boston Celtics,L,98 - 108,,Celtics ,36,32
67,23-Nov-57,Minneapolis Lakers,@,Boston Celtics,L,107 - 131,,Celtics ,36,31
66,12-Nov-57,Minneapolis Lakers,N,Boston Celtics,L,104 - 107,,Celtics ,36,30
65,6-Nov-57,Minneapolis Lakers,vs.,Boston Celtics,L,94 - 103,,Celtics ,36,29
64,7-Mar-57,Minneapolis Lakers,vs.,Boston Celtics,W,109 - 104,,Lakers ,36,28
63,13-Feb-57,Minneapolis Lakers,vs.,Boston Celtics,W,115 - 114,,Lakers ,35,28
62,29-Jan-57,Minneapolis Lakers,N,Boston Celtics,L,91 - 103,,Celtics ,34,28
61,25-Jan-57,Minneapolis Lakers,@,Boston Celtics,L,106 - 115,,Celtics ,34,27
60,13-Jan-57,Minneapolis Lakers,vs.,Boston Celtics,W,104 - 87,,Lakers ,34,26
59,7-Dec-56,Minneapolis Lakers,@,Boston Celtics,L,114 - 121,,Celtics ,33,26
58,28-Nov-56,Minneapolis Lakers,N,Boston Celtics,L,93 - 105,,Celtics ,33,25
57,14-Nov-56,Minneapolis Lakers,N,Boston Celtics,W,113 - 97,,Lakers ,33,24
56,10-Nov-56,Minneapolis Lakers,@,Boston Celtics,L,110 - 117,,Celtics ,32,24
55,2-Mar-56,Minneapolis Lakers,@,Boston Celtics,L,113 - 119,,Celtics ,32,23
54,22-Feb-56,Minneapolis Lakers,vs.,Boston Celtics,L,90 - 93,,Celtics ,32,22
53,2-Feb-56,Minneapolis Lakers,N,Boston Celtics,L,101 - 102,,Celtics ,32,21
52,1-Feb-56,Minneapolis Lakers,vs.,Boston Celtics,W,107 - 106,,Lakers ,32,20
51,11-Jan-56,Minneapolis Lakers,N,Boston Celtics,W,114 - 110,,Lakers ,31,20
50,25-Dec-55,Minneapolis Lakers,vs.,Boston Celtics,L,112 - 115,,Celtics ,30,20
49,20-Dec-55,Minneapolis Lakers,N,Boston Celtics,L,104 - 111,,Celtics ,30,19
48,10-Dec-55,Minneapolis Lakers,@,Boston Celtics,L,102 - 118,,Celtics ,30,18
47,11-Nov-55,Minneapolis Lakers,@,Boston Celtics,L,75 - 119,,Celtics ,30,17
46,4-Mar-55,Minneapolis Lakers,@,Boston Celtics,W,121 - 106,,Lakers ,30,16
45,25-Feb-55,Minneapolis Lakers,N,Boston Celtics,L,104 - 107,,Celtics ,29,16
44,24-Feb-55,Minneapolis Lakers,vs.,Boston Celtics,W,112 - 98,,Lakers ,29,15
43,14-Jan-55,Minneapolis Lakers,@,Boston Celtics,L,95 - 100,,Celtics ,28,15
42,29-Dec-54,Minneapolis Lakers,N,Boston Celtics,W,129 - 118,OT,Lakers ,28,14
41,26-Dec-54,Minneapolis Lakers,vs.,Boston Celtics,W,87 - 82,,Lakers ,27,14
40,14-Dec-54,Minneapolis Lakers,N,Boston Celtics,L,108 - 115,,Celtics ,26,14
39,8-Dec-54,Minneapolis Lakers,@,Boston Celtics,W,101 - 99,,Lakers ,26,13
38,28-Nov-54,Minneapolis Lakers,vs.,Boston Celtics,W,115 - 108,,Lakers ,25,13
37,5-Mar-54,Minneapolis Lakers,@,Boston Celtics,L,106 - 128,,Celtics ,24,13
36,18-Feb-54,Minneapolis Lakers,vs.,Boston Celtics,L,92 - 105,,Celtics ,24,12
35,31-Jan-54,Minneapolis Lakers,vs.,Boston Celtics,W,82 - 67,,Lakers ,24,11
34,13-Jan-54,Minneapolis Lakers,@,Boston Celtics,L,84 - 88,,Celtics ,23,11
33,10-Jan-54,Minneapolis Lakers,vs.,Boston Celtics,W,99 - 85,,Lakers ,23,10
32,29-Nov-53,Minneapolis Lakers,vs.,Boston Celtics,W,95 - 82,,Lakers ,22,10
31,15-Nov-53,Minneapolis Lakers,N,Boston Celtics,W,89 - 74,,Lakers ,21,10
30,1-Nov-53,Minneapolis Lakers,@,Boston Celtics,W,84 - 79,,Lakers ,20,10
29,6-Mar-53,Minneapolis Lakers,@,Boston Celtics,L,85 - 100,,Celtics ,19,10
28,25-Jan-53,Minneapolis Lakers,vs.,Boston Celtics,W,87 - 82,,Lakers ,19,9
27,27-Dec-52,Minneapolis Lakers,vs.,Boston Celtics,W,94 - 71,,Lakers ,18,9
26,3-Dec-52,Minneapolis Lakers,@,Boston Celtics,W,106 - 102,OT,Lakers ,17,9
25,11-Nov-52,Minneapolis Lakers,@,Boston Celtics,W,101 - 92,,Lakers ,16,9
24,1-Nov-52,Minneapolis Lakers,vs.,Boston Celtics,W,94 - 91,,Lakers ,15,9
23,5-Mar-52,Minneapolis Lakers,@,Boston Celtics,L,74 - 82,,Celtics ,14,9
22,16-Feb-52,Minneapolis Lakers,N,Boston Celtics,L,75 - 77,,Celtics ,14,8
21,16-Jan-52,Minneapolis Lakers,@,Boston Celtics,W,108 - 94,,Lakers ,14,7
20,25-Dec-51,Minneapolis Lakers,vs.,Boston Celtics,W,100 - 93,,Lakers ,13,7
19,28-Nov-51,Minneapolis Lakers,vs.,Boston Celtics,W,90 - 76,,Lakers ,12,7
18,11-Nov-51,Minneapolis Lakers,@,Boston Celtics,L,72 - 77,,Celtics ,11,7
17,11-Mar-51,Minneapolis Lakers,vs.,Boston Celtics,W,98 - 96,2OT,Lakers ,11,6
16,4-Mar-51,Minneapolis Lakers,@,Boston Celtics,L,86 - 92,,Celtics ,10,6
15,4-Feb-51,Minneapolis Lakers,vs.,Boston Celtics,W,98 - 84,,Lakers ,10,5
14,5-Jan-51,Minneapolis Lakers,vs.,Boston Celtics,W,69 - 54,,Lakers ,9,5
13,23-Dec-50,Minneapolis Lakers,@,Boston Celtics,L,81 - 87,,Celtics ,8,5
12,9-Nov-50,Minneapolis Lakers,@,Boston Celtics,L,71 - 76,,Celtics ,8,4
11,12-Feb-50,Minneapolis Lakers,vs.,Boston Celtics,W,88 - 70,,Lakers ,8,3
10,17-Jan-50,Minneapolis Lakers,@,Boston Celtics,W,105 - 79,,Lakers ,7,3
9,8-Jan-50,Minneapolis Lakers,vs.,Boston Celtics,W,85 - 80,OT,Lakers ,6,3
8,22-Dec-49,Minneapolis Lakers,@,Boston Celtics,L,69 - 87,,Celtics ,5,3
7,18-Dec-49,Minneapolis Lakers,vs.,Boston Celtics,W,77 - 72,,Lakers ,5,2
6,10-Nov-49,Minneapolis Lakers,@,Boston Celtics,W,98 - 84,,Lakers ,4,2
5,9-Mar-49,Minneapolis Lakers,vs.,Boston Celtics,W,74 - 67,,Lakers ,3,2
4,18-Feb-49,Minneapolis Lakers,@,Boston Celtics,W,85 - 71,,Lakers ,2,2
3,30-Nov-48,Minneapolis Lakers,N,Boston Celtics,W,94 - 84,,Lakers ,1,2
2,17-Nov-48,Minneapolis Lakers,vs.,Boston Celtics,L,72 - 74,,Celtics ,0,2
1,9-Nov-48,Minneapolis Lakers,@,Boston Celtics,L,55 - 77,,Celtics ,0,1